,Anaemia_Num(Thousands),Country_name,mean,mean_se,mean_ci_lower,mean_ci_upper
2000-01-01,25328.286,China,,,,
2001-01-01,24986.38,China,,,,
2002-01-01,23682.543,China,,,,
2003-01-01,21784.206,China,,,,
2004-01-01,20039.081,China,,,,
2005-01-01,18821.977,China,,,,
2006-01-01,17795.675,China,,,,
2007-01-01,17100.578,China,,,,
2008-01-01,16720.316,China,,,,
2009-01-01,16417.91,China,,,,
2010-01-01,16110.589,China,,,,
2011-01-01,15981.934,China,,,,
2012-01-01,15890.718,China,,,,
2013-01-01,15837.913,China,,,,
2014-01-01,15815.157,China,,,,
2015-01-01,15842.394,China,,,,
2016-01-01,15940.779,China,,,,
2017-01-01,15973.813,China,,,,
2018-01-01,15965.719,China,,,,
2019-01-01,16026.841,China,,,,
2020-01-01,,China,16113.139602774343,145.53660355206617,15827.89310138001,16398.386104168676
2021-01-01,,China,16180.406899325142,373.3680886739612,15448.618892547622,16912.194906102664
2022-01-01,,China,16220.921098930334,621.3518133316416,15003.093923071661,17438.748274789006
2023-01-01,,China,16234.965487630001,851.2687933623192,14566.509311476986,17903.421663783018
2024-01-01,,China,16230.149526571287,1044.453356094128,14183.058565094809,18277.240488047766
2025-01-01,,China,16218.208613962835,1198.6221127927377,13868.952441815763,18567.464786109907
2000-01-01,88798.52,India,,,,
2001-01-01,87983.69,India,,,,
2002-01-01,86920.931,India,,,,
2003-01-01,85780.48,India,,,,
2004-01-01,84569.268,India,,,,
2005-01-01,83382.381,India,,,,
2006-01-01,82317.547,India,,,,
2007-01-01,81129.914,India,,,,
2008-01-01,79825.751,India,,,,
2009-01-01,78260.96,India,,,,
2010-01-01,76517.474,India,,,,
2011-01-01,74836.834,India,,,,
2012-01-01,72661.257,India,,,,
2013-01-01,70288.032,India,,,,
2014-01-01,68077.287,India,,,,
2015-01-01,66242.366,India,,,,
2016-01-01,64325.457,India,,,,
2017-01-01,63262.0,India,,,,
2018-01-01,62712.68,India,,,,
2019-01-01,62364.953,India,,,,
2020-01-01,,India,62420.508952958415,1484.0245502982912,59511.874282200515,65329.143623716314
2021-01-01,,India,62460.86907392923,2096.113336487546,58352.56242689955,66569.17572095891
2022-01-01,,India,62481.454156942775,2560.2244116589986,57463.50651775089,67499.40179613465
2023-01-01,,India,62490.629627411254,2945.804888592991,56716.958140286966,68264.30111453554
2024-01-01,,India,62493.462636392185,3279.448859860601,56065.86098192447,68921.06429085991
2025-01-01,,India,62492.14418991325,3575.500789987151,55484.29141484392,69499.99696498258
2000-01-01,1206.451,United States of America,,,,
2001-01-01,1171.993,United States of America,,,,
2002-01-01,1162.759,United States of America,,,,
2003-01-01,1169.201,United States of America,,,,
2004-01-01,1179.674,United States of America,,,,
2005-01-01,1188.442,United States of America,,,,
2006-01-01,1216.332,United States of America,,,,
2007-01-01,1227.519,United States of America,,,,
2008-01-01,1226.1,United States of America,,,,
2009-01-01,1219.343,United States of America,,,,
2010-01-01,1213.276,United States of America,,,,
2011-01-01,1211.933,United States of America,,,,
2012-01-01,1201.882,United States of America,,,,
2013-01-01,1187.369,United States of America,,,,
2014-01-01,1173.821,United States of America,,,,
2015-01-01,1164.612,United States of America,,,,
2016-01-01,1150.743,United States of America,,,,
2017-01-01,1154.427,United States of America,,,,
2018-01-01,1173.053,United States of America,,,,
2019-01-01,1204.089,United States of America,,,,
2020-01-01,,United States of America,1225.3280828607665,8.665617244872363,1208.3437851570075,1242.3123805645255
2021-01-01,,United States of America,1239.4034126765985,17.903375363638244,1204.313441762166,1274.493383591031
2022-01-01,,United States of America,1243.2976007961227,26.008117525035715,1192.3226271413675,1294.2725744508778
2023-01-01,,United States of America,1237.029024598606,31.933125245217212,1174.4412492041733,1299.6167999930385
2024-01-01,,United States of America,1217.985795074147,36.82460068293608,1145.8109039905232,1290.160686157771
2025-01-01,,United States of America,1196.0949331428792,39.75553536154519,1118.175515648142,1274.0143506376164
2000-01-01,9357.027,Indonesia,,,,
2001-01-01,9222.071,Indonesia,,,,
2002-01-01,9102.025,Indonesia,,,,
2003-01-01,9006.971,Indonesia,,,,
2004-01-01,8928.244,Indonesia,,,,
2005-01-01,8850.113,Indonesia,,,,
2006-01-01,8754.001,Indonesia,,,,
2007-01-01,8672.56,Indonesia,,,,
2008-01-01,8613.804,Indonesia,,,,
2009-01-01,8590.584,Indonesia,,,,
2010-01-01,8599.795,Indonesia,,,,
2011-01-01,8564.072,Indonesia,,,,
2012-01-01,8670.901,Indonesia,,,,
2013-01-01,8852.129,Indonesia,,,,
2014-01-01,9035.434,Indonesia,,,,
2015-01-01,9159.222,Indonesia,,,,
2016-01-01,9363.115,Indonesia,,,,
2017-01-01,9394.203,Indonesia,,,,
2018-01-01,9300.467,Indonesia,,,,
2019-01-01,9196.66,Indonesia,,,,
2020-01-01,,Indonesia,9084.906731656016,55.368300800734794,8976.386856201396,9193.426607110636
2021-01-01,,Indonesia,8906.060728689728,111.34174479022114,8687.834918925044,9124.286538454413
2022-01-01,,Indonesia,8743.739845791724,167.10019883555438,8416.229474264555,9071.250217318893
2023-01-01,,Indonesia,8647.525589629695,226.65702830417675,8203.285977310632,9091.765201948758
2024-01-01,,Indonesia,8591.916212009903,290.8376574865221,8021.884877988323,9161.947546031482
2025-01-01,,Indonesia,8567.11157260612,345.08409963088883,7890.759165692146,9243.463979520093
2000-01-01,13502.509,Pakistan,,,,
2001-01-01,13449.29,Pakistan,,,,
2002-01-01,13438.551,Pakistan,,,,
2003-01-01,13457.705,Pakistan,,,,
2004-01-01,13502.396,Pakistan,,,,
2005-01-01,13582.689,Pakistan,,,,
2006-01-01,13700.152,Pakistan,,,,
2007-01-01,13822.238,Pakistan,,,,
2008-01-01,13941.367,Pakistan,,,,
2009-01-01,14059.175,Pakistan,,,,
2010-01-01,14168.353,Pakistan,,,,
2011-01-01,14322.835,Pakistan,,,,
2012-01-01,14418.893,Pakistan,,,,
2013-01-01,14443.846,Pakistan,,,,
2014-01-01,14479.37,Pakistan,,,,
2015-01-01,14530.231,Pakistan,,,,
2016-01-01,14604.092,Pakistan,,,,
2017-01-01,14655.357,Pakistan,,,,
2018-01-01,14671.863,Pakistan,,,,
2019-01-01,14666.062,Pakistan,,,,
2020-01-01,,Pakistan,14657.849355196624,28.062151158087218,14602.848549598055,14712.850160795193
2021-01-01,,Pakistan,14647.843174907897,69.33925497790692,14511.94073243636,14783.745617379434
2022-01-01,,Pakistan,14633.32898644947,115.23622874421451,14407.470128396591,14859.18784450235
2023-01-01,,Pakistan,14616.95891666823,163.2163142781538,14297.06081899368,14936.857014342782
2024-01-01,,Pakistan,14602.482983188424,213.95315436292864,14183.142506258344,15021.823460118503
2025-01-01,,Pakistan,14590.480959157307,266.22646607992687,14068.686673909277,15112.275244405337
2000-01-01,4519.143,Brazil,,,,
2001-01-01,4361.31,Brazil,,,,
2002-01-01,4195.467,Brazil,,,,
2003-01-01,4014.778,Brazil,,,,
2004-01-01,3828.099,Brazil,,,,
2005-01-01,3631.738,Brazil,,,,
2006-01-01,3420.59,Brazil,,,,
2007-01-01,3221.914,Brazil,,,,
2008-01-01,3031.258,Brazil,,,,
2009-01-01,2836.637,Brazil,,,,
2010-01-01,2649.822,Brazil,,,,
2011-01-01,2480.779,Brazil,,,,
2012-01-01,2338.722,Brazil,,,,
2013-01-01,2213.044,Brazil,,,,
2014-01-01,2102.053,Brazil,,,,
2015-01-01,1999.189,Brazil,,,,
2016-01-01,1916.041,Brazil,,,,
2017-01-01,1831.803,Brazil,,,,
2018-01-01,1750.144,Brazil,,,,
2019-01-01,1683.97,Brazil,,,,
2020-01-01,,Brazil,1627.225680974032,9.26076991574184,1609.074905470066,1645.376456477998
2021-01-01,,Brazil,1576.0903177384298,24.17412770421602,1528.7098980804944,1623.4707373963652
2022-01-01,,Brazil,1533.6604416731182,43.830618835805765,1447.754007334836,1619.5668760114004
2023-01-01,,Brazil,1500.3519692675848,69.59127151696063,1363.9555834559937,1636.7483550791758
2024-01-01,,Brazil,1474.2253808066532,102.11925835896923,1274.0753122951326,1674.3754493181739
2025-01-01,,Brazil,1454.9791360053798,140.88167804155165,1178.8561209623713,1731.1021510483884
2000-01-01,16704.222,Nigeria,,,,
2001-01-01,17129.909,Nigeria,,,,
2002-01-01,17485.584,Nigeria,,,,
2003-01-01,17809.515,Nigeria,,,,
2004-01-01,18116.006,Nigeria,,,,
2005-01-01,18431.901,Nigeria,,,,
2006-01-01,18819.161,Nigeria,,,,
2007-01-01,19134.108,Nigeria,,,,
2008-01-01,19427.613,Nigeria,,,,
2009-01-01,19745.314,Nigeria,,,,
2010-01-01,20113.626,Nigeria,,,,
2011-01-01,20516.733,Nigeria,,,,
2012-01-01,20941.561,Nigeria,,,,
2013-01-01,21384.145,Nigeria,,,,
2014-01-01,21806.647,Nigeria,,,,
2015-01-01,22190.38,Nigeria,,,,
2016-01-01,22570.726,Nigeria,,,,
2017-01-01,22805.503,Nigeria,,,,
2018-01-01,22931.781,Nigeria,,,,
2019-01-01,23027.863,Nigeria,,,,
2020-01-01,,Nigeria,23111.330694312735,47.334638377929004,23018.556507870766,23204.104880754705
2021-01-01,,Nigeria,23210.592841533005,120.10492197929807,22975.19152008759,23445.994162978423
2022-01-01,,Nigeria,23331.04445531328,209.5583274764667,22920.317680798955,23741.771229827606
2023-01-01,,Nigeria,23457.115570603102,311.3564392602991,22846.868163298284,24067.36297790792
2024-01-01,,Nigeria,23580.212743504926,416.6930747849023,22763.50932431926,24396.91616269059
2025-01-01,,Nigeria,23693.642295978447,521.7274874801011,22671.075210772877,24716.209381184017
2000-01-01,9213.354,Bangladesh,,,,
2001-01-01,9032.337,Bangladesh,,,,
2002-01-01,8837.985,Bangladesh,,,,
2003-01-01,8628.285,Bangladesh,,,,
2004-01-01,8406.538,Bangladesh,,,,
2005-01-01,8177.245,Bangladesh,,,,
2006-01-01,7977.235,Bangladesh,,,,
2007-01-01,7737.778,Bangladesh,,,,
2008-01-01,7484.541,Bangladesh,,,,
2009-01-01,7248.031,Bangladesh,,,,
2010-01-01,7046.269,Bangladesh,,,,
2011-01-01,6848.224,Bangladesh,,,,
2012-01-01,6698.558,Bangladesh,,,,
2013-01-01,6589.911,Bangladesh,,,,
2014-01-01,6503.29,Bangladesh,,,,
2015-01-01,6429.159,Bangladesh,,,,
2016-01-01,6383.44,Bangladesh,,,,
2017-01-01,6325.219,Bangladesh,,,,
2018-01-01,6263.065,Bangladesh,,,,
2019-01-01,6213.94,Bangladesh,,,,
2020-01-01,,Bangladesh,6171.703296791661,20.577527551886682,6131.372083899083,6212.034509684239
2021-01-01,,Bangladesh,6130.074012841662,48.63205887029608,6034.75692896185,6225.391096721474
2022-01-01,,Bangladesh,6092.871594328117,83.9101190744843,5928.41078300366,6257.3324056525735
2023-01-01,,Bangladesh,6062.101626686582,127.91502909943438,5811.392776570297,6312.810476802866
2024-01-01,,Bangladesh,6035.539565441787,181.56621560605586,5679.676322044683,6391.402808838891
2025-01-01,,Bangladesh,6012.36825753938,243.02678809286945,5536.044505598908,6488.692009479852
2000-01-01,1921.807,Russian Federation,,,,
2001-01-01,1961.286,Russian Federation,,,,
2002-01-01,1954.887,Russian Federation,,,,
2003-01-01,1908.34,Russian Federation,,,,
2004-01-01,1859.297,Russian Federation,,,,
2005-01-01,1838.798,Russian Federation,,,,
2006-01-01,1852.638,Russian Federation,,,,
2007-01-01,1852.454,Russian Federation,,,,
2008-01-01,1852.617,Russian Federation,,,,
2009-01-01,1860.182,Russian Federation,,,,
2010-01-01,1883.457,Russian Federation,,,,
2011-01-01,1908.545,Russian Federation,,,,
2012-01-01,1959.266,Russian Federation,,,,
2013-01-01,2011.354,Russian Federation,,,,
2014-01-01,2049.203,Russian Federation,,,,
2015-01-01,2066.658,Russian Federation,,,,
2016-01-01,2084.048,Russian Federation,,,,
2017-01-01,2084.052,Russian Federation,,,,
2018-01-01,2070.348,Russian Federation,,,,
2019-01-01,2055.393,Russian Federation,,,,
2020-01-01,,Russian Federation,2048.5054331613023,14.579287823925394,2019.9305541061651,2077.0803122164393
2021-01-01,,Russian Federation,2046.8549772192455,36.94727347277396,1974.4396518856563,2119.2703025528344
2022-01-01,,Russian Federation,2045.202714634859,61.12241991084621,1925.4049729616665,2165.0004563080515
2023-01-01,,Russian Federation,2042.2934475924285,80.35984543389908,1884.7910447387808,2199.795850446076
2024-01-01,,Russian Federation,2041.1947288646381,94.7876662977321,1855.4143167424822,2226.975140986794
2025-01-01,,Russian Federation,2043.4084777272517,106.24961677497998,1835.1630554771082,2251.653899977395
2000-01-01,3515.267,Mexico,,,,
2001-01-01,3416.383,Mexico,,,,
2002-01-01,3343.373,Mexico,,,,
2003-01-01,3286.17,Mexico,,,,
2004-01-01,3232.664,Mexico,,,,
2005-01-01,3177.708,Mexico,,,,
2006-01-01,3127.824,Mexico,,,,
2007-01-01,3056.599,Mexico,,,,
2008-01-01,2973.104,Mexico,,,,
2009-01-01,2888.764,Mexico,,,,
2010-01-01,2809.031,Mexico,,,,
2011-01-01,2729.49,Mexico,,,,
2012-01-01,2665.649,Mexico,,,,
2013-01-01,2617.148,Mexico,,,,
2014-01-01,2576.072,Mexico,,,,
2015-01-01,2530.149,Mexico,,,,
2016-01-01,2498.101,Mexico,,,,
2017-01-01,2460.817,Mexico,,,,
2018-01-01,2422.032,Mexico,,,,
2019-01-01,2397.183,Mexico,,,,
2020-01-01,,Mexico,2373.9158984938554,10.595102926515397,2353.1498783453903,2394.6819186423204
2021-01-01,,Mexico,2352.3425197510437,27.577741312869698,2298.2911400028565,2406.393899499231
2022-01-01,,Mexico,2334.5801928466262,49.83246294593132,2236.9103602116743,2432.250025481578
2023-01-01,,Mexico,2315.1011914415726,77.59415500198153,2163.0194422268705,2467.1829406562747
2024-01-01,,Mexico,2294.931666593747,108.46256555438615,2082.348944436336,2507.5143887511585
2025-01-01,,Mexico,2275.04577410888,141.01126893439448,1998.668765583175,2551.422782634585
2000-01-01,896.788,Japan,,,,
2001-01-01,889.214,Japan,,,,
2002-01-01,876.888,Japan,,,,
2003-01-01,864.873,Japan,,,,
2004-01-01,855.646,Japan,,,,
2005-01-01,850.329,Japan,,,,
2006-01-01,842.61,Japan,,,,
2007-01-01,841.251,Japan,,,,
2008-01-01,843.966,Japan,,,,
2009-01-01,847.966,Japan,,,,
2010-01-01,849.063,Japan,,,,
2011-01-01,854.34,Japan,,,,
2012-01-01,857.772,Japan,,,,
2013-01-01,858.644,Japan,,,,
2014-01-01,857.188,Japan,,,,
2015-01-01,854.097,Japan,,,,
2016-01-01,852.295,Japan,,,,
2017-01-01,844.181,Japan,,,,
2018-01-01,832.362,Japan,,,,
2019-01-01,821.369,Japan,,,,
2020-01-01,,Japan,812.5687304836648,2.493579949613458,807.6814035898512,817.4560573774784
2021-01-01,,Japan,802.3853899532438,5.22400732361271,792.1465237439894,812.6242561624982
2022-01-01,,Japan,793.8413078870013,8.207872152114104,777.7541740791485,809.9284416948542
2023-01-01,,Japan,789.4926454017362,11.519442381641445,766.9149532117347,812.0703375917378
2024-01-01,,Japan,788.6633753895986,15.638638496200143,758.0122071698047,819.3145436093926
2025-01-01,,Japan,789.1785533695927,19.70951877739724,750.5486064132782,827.8085003259072
2000-01-01,8462.46,Ethiopia,,,,
2001-01-01,8480.472,Ethiopia,,,,
2002-01-01,8389.689,Ethiopia,,,,
2003-01-01,8250.552,Ethiopia,,,,
2004-01-01,8089.381,Ethiopia,,,,
2005-01-01,7934.579,Ethiopia,,,,
2006-01-01,7766.581,Ethiopia,,,,
2007-01-01,7611.216,Ethiopia,,,,
2008-01-01,7482.544,Ethiopia,,,,
2009-01-01,7392.825,Ethiopia,,,,
2010-01-01,7354.749,Ethiopia,,,,
2011-01-01,7353.459,Ethiopia,,,,
2012-01-01,7413.143,Ethiopia,,,,
2013-01-01,7516.193,Ethiopia,,,,
2014-01-01,7654.454,Ethiopia,,,,
2015-01-01,7825.7,Ethiopia,,,,
2016-01-01,8051.261,Ethiopia,,,,
2017-01-01,8249.775,Ethiopia,,,,
2018-01-01,8436.46,Ethiopia,,,,
2019-01-01,8629.725,Ethiopia,,,,
2020-01-01,,Ethiopia,8793.807788494802,21.058337037585847,8752.534206326827,8835.081370662776
2021-01-01,,Ethiopia,8886.093893406409,46.91432368849922,8794.143508617895,8978.044278194922
2022-01-01,,Ethiopia,8925.611277423692,75.8269299988589,8776.993225567689,9074.229329279695
2023-01-01,,Ethiopia,8926.074930006902,109.00197895952714,8712.434977002637,9139.714883011167
2024-01-01,,Ethiopia,8869.153069039208,150.81885227063668,8573.553550399094,9164.752587679322
2025-01-01,,Ethiopia,8748.24035918548,195.21109413495006,8365.63364529832,9130.84707307264
2000-01-01,3760.311,Philippines,,,,
2001-01-01,3713.735,Philippines,,,,
2002-01-01,3656.161,Philippines,,,,
2003-01-01,3581.382,Philippines,,,,
2004-01-01,3478.876,Philippines,,,,
2005-01-01,3340.428,Philippines,,,,
2006-01-01,3172.942,Philippines,,,,
2007-01-01,2971.743,Philippines,,,,
2008-01-01,2750.724,Philippines,,,,
2009-01-01,2547.494,Philippines,,,,
2010-01-01,2364.289,Philippines,,,,
2011-01-01,2218.335,Philippines,,,,
2012-01-01,2076.567,Philippines,,,,
2013-01-01,1948.119,Philippines,,,,
2014-01-01,1844.747,Philippines,,,,
2015-01-01,1756.727,Philippines,,,,
2016-01-01,1683.404,Philippines,,,,
2017-01-01,1600.428,Philippines,,,,
2018-01-01,1518.159,Philippines,,,,
2019-01-01,1457.071,Philippines,,,,
2020-01-01,,Philippines,1415.2447834672844,14.499763193458417,1386.8257698237464,1443.6637971108223
2021-01-01,,Philippines,1388.7999582777816,41.63992109011582,1307.1872126220646,1470.4127039334985
2022-01-01,,Philippines,1372.7206412743474,81.78815379491006,1212.4188054743008,1533.022477074394
2023-01-01,,Philippines,1364.1800590073906,132.60067190655448,1104.2875177447318,1624.0726002700494
2024-01-01,,Philippines,1361.049349586933,192.07878745597355,984.5818439791009,1737.516855194765
2025-01-01,,Philippines,1361.8536033095982,258.2981289735438,855.5985732473705,1868.1086333718258
2000-01-01,3387.178,Egypt,,,,
2001-01-01,3440.221,Egypt,,,,
2002-01-01,3480.463,Egypt,,,,
2003-01-01,3499.568,Egypt,,,,
2004-01-01,3509.79,Egypt,,,,
2005-01-01,3535.367,Egypt,,,,
2006-01-01,3545.917,Egypt,,,,
2007-01-01,3558.35,Egypt,,,,
2008-01-01,3576.095,Egypt,,,,
2009-01-01,3607.676,Egypt,,,,
2010-01-01,3670.643,Egypt,,,,
2011-01-01,3747.618,Egypt,,,,
2012-01-01,3876.509,Egypt,,,,
2013-01-01,4037.973,Egypt,,,,
2014-01-01,4164.505,Egypt,,,,
2015-01-01,4220.41,Egypt,,,,
2016-01-01,4323.992,Egypt,,,,
2017-01-01,4310.669,Egypt,,,,
2018-01-01,4218.79,Egypt,,,,
2019-01-01,4118.152,Egypt,,,,
2020-01-01,,Egypt,3983.8425891338256,34.21473456006643,3916.7829416554973,4050.902236612154
2021-01-01,,Egypt,3825.0560964435886,71.66192716767404,3684.601300132215,3965.5108927549622
2022-01-01,,Egypt,3690.1483602118756,113.29596527659116,3468.092348676056,3912.204371747695
2023-01-01,,Egypt,3582.498573732473,164.77410945411293,3259.5472536177504,3905.449893847195
2024-01-01,,Egypt,3503.1202358500063,219.35953575768548,3073.1834460995165,3933.057025600496
2025-01-01,,Egypt,3469.6992124048393,270.5376570249795,2939.45514817403,3999.9432766356485
2000-01-01,2414.38,Viet Nam,,,,
2001-01-01,2154.197,Viet Nam,,,,
2002-01-01,2003.548,Viet Nam,,,,
2003-01-01,1925.931,Viet Nam,,,,
2004-01-01,1868.969,Viet Nam,,,,
2005-01-01,1802.684,Viet Nam,,,,
2006-01-01,1778.332,Viet Nam,,,,
2007-01-01,1727.619,Viet Nam,,,,
2008-01-01,1660.346,Viet Nam,,,,
2009-01-01,1607.122,Viet Nam,,,,
2010-01-01,1578.89,Viet Nam,,,,
2011-01-01,1573.707,Viet Nam,,,,
2012-01-01,1572.383,Viet Nam,,,,
2013-01-01,1582.857,Viet Nam,,,,
2014-01-01,1602.778,Viet Nam,,,,
2015-01-01,1633.656,Viet Nam,,,,
2016-01-01,1659.49,Viet Nam,,,,
2017-01-01,1699.018,Viet Nam,,,,
2018-01-01,1750.365,Viet Nam,,,,
2019-01-01,1805.399,Viet Nam,,,,
2020-01-01,,Viet Nam,1860.3799329071608,28.615081056448933,1804.2954046218265,1916.464461192495
2021-01-01,,Viet Nam,1914.115973965623,81.43392023041287,1754.508423194106,2073.72352473714
2022-01-01,,Viet Nam,1965.6486416238852,155.2051644679902,1661.4521090520088,2269.8451741957615
2023-01-01,,Viet Nam,2014.0118011642871,246.46157504210535,1530.955990508745,2497.0676118198294
2024-01-01,,Viet Nam,2058.5546778276484,352.67508592752125,1367.324211165138,2749.785144490159
2025-01-01,,Viet Nam,2098.9705347037357,471.30708275670406,1175.225626841957,3022.7154425655144
2000-01-01,6636.902,Democratic Republic of the Congo,,,,
2001-01-01,6780.625,Democratic Republic of the Congo,,,,
2002-01-01,6928.016,Democratic Republic of the Congo,,,,
2003-01-01,7083.623,Democratic Republic of the Congo,,,,
2004-01-01,7248.669,Democratic Republic of the Congo,,,,
2005-01-01,7432.113,Democratic Republic of the Congo,,,,
2006-01-01,7646.127,Democratic Republic of the Congo,,,,
2007-01-01,7836.644,Democratic Republic of the Congo,,,,
2008-01-01,8016.207,Democratic Republic of the Congo,,,,
2009-01-01,8203.631,Democratic Republic of the Congo,,,,
2010-01-01,8408.928,Democratic Republic of the Congo,,,,
2011-01-01,8645.77,Democratic Republic of the Congo,,,,
2012-01-01,8870.374,Democratic Republic of the Congo,,,,
2013-01-01,9084.978,Democratic Republic of the Congo,,,,
2014-01-01,9291.03,Democratic Republic of the Congo,,,,
2015-01-01,9495.144,Democratic Republic of the Congo,,,,
2016-01-01,9697.02,Democratic Republic of the Congo,,,,
2017-01-01,9844.951,Democratic Republic of the Congo,,,,
2018-01-01,9956.614,Democratic Republic of the Congo,,,,
2019-01-01,10061.111,Democratic Republic of the Congo,,,,
2020-01-01,,Democratic Republic of the Congo,10166.589380703215,18.46041390464726,10130.407634310404,10202.771127096026
2021-01-01,,Democratic Republic of the Congo,10261.801921269202,48.49925429039098,10166.745129582985,10356.858712955418
2022-01-01,,Democratic Republic of the Congo,10343.540338161783,85.99503222809726,10174.993172145352,10512.087504178215
2023-01-01,,Democratic Republic of the Congo,10417.98181098383,128.14293055334525,10166.826282225857,10669.137339741805
2024-01-01,,Democratic Republic of the Congo,10490.227528089747,176.19912096880304,10144.883596883275,10835.571459296218
2025-01-01,,Democratic Republic of the Congo,10559.46025581984,230.79930346598883,10107.101933369571,11011.81857827011
2000-01-01,2393.089,Iran (Islamic Republic of),,,,
2001-01-01,2290.795,Iran (Islamic Republic of),,,,
2002-01-01,2209.101,Iran (Islamic Republic of),,,,
2003-01-01,2134.104,Iran (Islamic Republic of),,,,
2004-01-01,2072.234,Iran (Islamic Republic of),,,,
2005-01-01,2028.432,Iran (Islamic Republic of),,,,
2006-01-01,2022.507,Iran (Islamic Republic of),,,,
2007-01-01,2001.115,Iran (Islamic Republic of),,,,
2008-01-01,1967.999,Iran (Islamic Republic of),,,,
2009-01-01,1938.273,Iran (Islamic Republic of),,,,
2010-01-01,1918.439,Iran (Islamic Republic of),,,,
2011-01-01,1903.449,Iran (Islamic Republic of),,,,
2012-01-01,1889.284,Iran (Islamic Republic of),,,,
2013-01-01,1883.425,Iran (Islamic Republic of),,,,
2014-01-01,1882.061,Iran (Islamic Republic of),,,,
2015-01-01,1891.213,Iran (Islamic Republic of),,,,
2016-01-01,1898.765,Iran (Islamic Republic of),,,,
2017-01-01,1925.708,Iran (Islamic Republic of),,,,
2018-01-01,1967.577,Iran (Islamic Republic of),,,,
2019-01-01,2006.655,Iran (Islamic Republic of),,,,
2020-01-01,,Iran (Islamic Republic of),2043.6777250322023,12.431934238726848,2019.3115816661273,2068.0438683982775
2021-01-01,,Iran (Islamic Republic of),2086.3207556181947,30.665823116119228,2026.2168467543252,2146.424664482064
2022-01-01,,Iran (Islamic Republic of),2133.9805665003933,53.33436370012481,2029.4471345097882,2238.5139984909983
2023-01-01,,Iran (Islamic Republic of),2180.067116261017,79.77778731288927,2023.7055263614575,2336.4287061605764
2024-01-01,,Iran (Islamic Republic of),2223.450339244749,112.20408970208851,2003.534364510554,2443.366313978944
2025-01-01,,Iran (Islamic Republic of),2266.667591494492,150.26318328387123,1972.1571640557636,2561.1780189332208
2000-01-01,457.48,Germany,,,,
2001-01-01,456.217,Germany,,,,
2002-01-01,450.931,Germany,,,,
2003-01-01,440.808,Germany,,,,
2004-01-01,429.82,Germany,,,,
2005-01-01,421.216,Germany,,,,
2006-01-01,410.501,Germany,,,,
2007-01-01,404.162,Germany,,,,
2008-01-01,401.578,Germany,,,,
2009-01-01,401.322,Germany,,,,
2010-01-01,402.152,Germany,,,,
2011-01-01,407.011,Germany,,,,
2012-01-01,412.293,Germany,,,,
2013-01-01,421.391,Germany,,,,
2014-01-01,435.695,Germany,,,,
2015-01-01,457.497,Germany,,,,
2016-01-01,487.711,Germany,,,,
2017-01-01,522.802,Germany,,,,
2018-01-01,561.32,Germany,,,,
2019-01-01,601.871,Germany,,,,
2020-01-01,,Germany,641.9982616729426,2.540280704639733,637.0194029812267,646.9771203646585
2021-01-01,,Germany,680.3439160401191,6.921831711620992,666.7773751782947,693.9104569019435
2022-01-01,,Germany,715.5457145858396,13.59573584554614,688.898561985249,742.1928671864302
2023-01-01,,Germany,746.4534093529708,22.79814396485977,701.7698682674865,791.1369504384551
2024-01-01,,Germany,772.4492786486819,34.213108547997415,705.3928180954475,839.5057392019163
2025-01-01,,Germany,793.1042302752709,47.60531688771179,699.7995237027394,886.4089368478024
2000-01-01,1242.907,Thailand,,,,
2001-01-01,1200.215,Thailand,,,,
2002-01-01,1163.226,Thailand,,,,
2003-01-01,1128.373,Thailand,,,,
2004-01-01,1096.96,Thailand,,,,
2005-01-01,1069.25,Thailand,,,,
2006-01-01,1048.676,Thailand,,,,
2007-01-01,1030.319,Thailand,,,,
2008-01-01,1012.843,Thailand,,,,
2009-01-01,997.031,Thailand,,,,
2010-01-01,982.758,Thailand,,,,
2011-01-01,980.977,Thailand,,,,
2012-01-01,972.145,Thailand,,,,
2013-01-01,958.413,Thailand,,,,
2014-01-01,946.482,Thailand,,,,
2015-01-01,937.64,Thailand,,,,
2016-01-01,926.736,Thailand,,,,
2017-01-01,918.886,Thailand,,,,
2018-01-01,913.26,Thailand,,,,
2019-01-01,907.46,Thailand,,,,
2020-01-01,,Thailand,901.692752690095,4.211221045868249,893.4389111092561,909.9465942709338
2021-01-01,,Thailand,897.3282969075158,9.538906675317167,878.6323833720054,916.0242104430262
2022-01-01,,Thailand,893.723557882203,15.946208026171064,862.4695644609242,924.9775513034817
2023-01-01,,Thailand,890.1579616582803,23.819127177272545,843.4733302476469,936.8425930689137
2024-01-01,,Thailand,886.9167572670967,33.67350251061782,820.9179051129668,952.9156094212267
2025-01-01,,Thailand,884.2959471604194,45.01129095984134,796.075437981477,972.5164563393618
2000-01-01,487.81,United Kingdom of Great Britain and Northern Ireland,,,,
2001-01-01,473.557,United Kingdom of Great Britain and Northern Ireland,,,,
2002-01-01,464.831,United Kingdom of Great Britain and Northern Ireland,,,,
2003-01-01,460.977,United Kingdom of Great Britain and Northern Ireland,,,,
2004-01-01,461.63,United Kingdom of Great Britain and Northern Ireland,,,,
2005-01-01,467.707,United Kingdom of Great Britain and Northern Ireland,,,,
2006-01-01,475.454,United Kingdom of Great Britain and Northern Ireland,,,,
2007-01-01,488.969,United Kingdom of Great Britain and Northern Ireland,,,,
2008-01-01,504.937,United Kingdom of Great Britain and Northern Ireland,,,,
2009-01-01,520.6,United Kingdom of Great Britain and Northern Ireland,,,,
2010-01-01,533.744,United Kingdom of Great Britain and Northern Ireland,,,,
2011-01-01,554.409,United Kingdom of Great Britain and Northern Ireland,,,,
2012-01-01,564.11,United Kingdom of Great Britain and Northern Ireland,,,,
2013-01-01,567.499,United Kingdom of Great Britain and Northern Ireland,,,,
2014-01-01,571.779,United Kingdom of Great Britain and Northern Ireland,,,,
2015-01-01,578.924,United Kingdom of Great Britain and Northern Ireland,,,,
2016-01-01,583.54,United Kingdom of Great Britain and Northern Ireland,,,,
2017-01-01,589.987,United Kingdom of Great Britain and Northern Ireland,,,,
2018-01-01,598.424,United Kingdom of Great Britain and Northern Ireland,,,,
2019-01-01,611.091,United Kingdom of Great Britain and Northern Ireland,,,,
2020-01-01,,United Kingdom of Great Britain and Northern Ireland,622.0552571878361,4.0359953440163014,614.1448516717928,629.9656627038794
2021-01-01,,United Kingdom of Great Britain and Northern Ireland,632.6522330863287,8.889675874452776,615.2287885381667,650.0756776344907
2022-01-01,,United Kingdom of Great Britain and Northern Ireland,642.9702487305797,14.661408772274502,614.234415574302,671.7060818868573
2023-01-01,,United Kingdom of Great Britain and Northern Ireland,652.5208833451835,21.51700256416145,610.3483332641711,694.693433426196
2024-01-01,,United Kingdom of Great Britain and Northern Ireland,659.6904867294511,29.738556858289478,601.4039863350071,717.9769871238951
2025-01-01,,United Kingdom of Great Britain and Northern Ireland,665.0812081439025,38.571226845533026,589.4829926871332,740.6794236006717
2000-01-01,398.972,France,,,,
2001-01-01,400.446,France,,,,
2002-01-01,402.85,France,,,,
2003-01-01,407.316,France,,,,
2004-01-01,413.447,France,,,,
2005-01-01,419.559,France,,,,
2006-01-01,427.388,France,,,,
2007-01-01,434.249,France,,,,
2008-01-01,439.396,France,,,,
2009-01-01,444.068,France,,,,
2010-01-01,447.767,France,,,,
2011-01-01,454.514,France,,,,
2012-01-01,463.055,France,,,,
2013-01-01,472.179,France,,,,
2014-01-01,482.796,France,,,,
2015-01-01,493.725,France,,,,
2016-01-01,507.304,France,,,,
2017-01-01,519.055,France,,,,
2018-01-01,529.0,France,,,,
2019-01-01,541.035,France,,,,
2020-01-01,,France,551.8937668669471,1.5322955494068742,548.8905227764386,554.8970109574556
2021-01-01,,France,562.6657148885064,3.5962486233623867,555.6171971072644,569.7142326697484
2022-01-01,,France,574.1990057712928,6.164026048880191,562.117736715721,586.2802748268647
2023-01-01,,France,584.7268111462205,9.358379550113511,566.3847242743418,603.0688980180992
2024-01-01,,France,595.3005537758855,12.728732848145333,570.3526958246887,620.2484117270824
2025-01-01,,France,605.8466734016417,16.233342282354382,574.0299071795159,637.6634396237675
2000-01-01,322.58,Italy,,,,
2001-01-01,317.263,Italy,,,,
2002-01-01,317.835,Italy,,,,
2003-01-01,322.538,Italy,,,,
2004-01-01,328.553,Italy,,,,
2005-01-01,334.272,Italy,,,,
2006-01-01,340.181,Italy,,,,
2007-01-01,344.202,Italy,,,,
2008-01-01,346.685,Italy,,,,
2009-01-01,348.18,Italy,,,,
2010-01-01,349.711,Italy,,,,
2011-01-01,354.14,Italy,,,,
2012-01-01,357.059,Italy,,,,
2013-01-01,358.859,Italy,,,,
2014-01-01,359.433,Italy,,,,
2015-01-01,358.37,Italy,,,,
2016-01-01,357.124,Italy,,,,
2017-01-01,356.172,Italy,,,,
2018-01-01,354.781,Italy,,,,
2019-01-01,354.191,Italy,,,,
2020-01-01,,Italy,354.2886737618511,1.4608791666318701,351.42540320948774,357.15194431421446
2021-01-01,,Italy,354.8270918590533,3.8826955127745557,347.2171484910799,362.43703522702674
2022-01-01,,Italy,355.680574955684,6.989805992540517,341.98080695138236,369.3803429599856
2023-01-01,,Italy,356.5121170896337,10.39435700297948,336.13955172134223,376.8846824579252
2024-01-01,,Italy,357.0928392929405,13.601460935435831,330.4344657223578,383.75121286352316
2025-01-01,,Italy,357.32804834629394,16.287326035011397,325.40547591321007,389.2506207793778
2000-01-01,4147.34,United Republic of Tanzania,,,,
2001-01-01,4205.4,United Republic of Tanzania,,,,
2002-01-01,4290.681,United Republic of Tanzania,,,,
2003-01-01,4397.471,United Republic of Tanzania,,,,
2004-01-01,4512.023,United Republic of Tanzania,,,,
2005-01-01,4616.896,United Republic of Tanzania,,,,
2006-01-01,4737.807,United Republic of Tanzania,,,,
2007-01-01,4811.753,United Republic of Tanzania,,,,
2008-01-01,4856.119,United Republic of Tanzania,,,,
2009-01-01,4883.297,United Republic of Tanzania,,,,
2010-01-01,4914.123,United Republic of Tanzania,,,,
2011-01-01,4939.486,United Republic of Tanzania,,,,
2012-01-01,4966.249,United Republic of Tanzania,,,,
2013-01-01,5000.908,United Republic of Tanzania,,,,
2014-01-01,5043.967,United Republic of Tanzania,,,,
2015-01-01,5110.639,United Republic of Tanzania,,,,
2016-01-01,5154.906,United Republic of Tanzania,,,,
2017-01-01,5208.09,United Republic of Tanzania,,,,
2018-01-01,5271.685,United Republic of Tanzania,,,,
2019-01-01,5346.262,United Republic of Tanzania,,,,
2020-01-01,,United Republic of Tanzania,5420.147801544274,17.87008619002575,5385.123076211197,5455.172526877352
2021-01-01,,United Republic of Tanzania,5491.149435181202,42.74787062083244,5407.365148348592,5574.933722013811
2022-01-01,,United Republic of Tanzania,5556.659708319428,75.88740001580686,5407.923137408063,5705.396279230794
2023-01-01,,United Republic of Tanzania,5616.46055534233,114.43641885521657,5392.169295866365,5840.751814818294
2024-01-01,,United Republic of Tanzania,5670.265757325544,157.1290972666034,5362.29838575971,5978.233128891377
2025-01-01,,United Republic of Tanzania,5718.409823767918,202.58048819213286,5321.359362940796,6115.46028459504
2000-01-01,2006.915,South Africa,,,,
2001-01-01,1992.651,South Africa,,,,
2002-01-01,1979.266,South Africa,,,,
2003-01-01,1976.335,South Africa,,,,
2004-01-01,1992.984,South Africa,,,,
2005-01-01,2016.033,South Africa,,,,
2006-01-01,2055.225,South Africa,,,,
2007-01-01,2063.184,South Africa,,,,
2008-01-01,2051.002,South Africa,,,,
2009-01-01,2011.777,South Africa,,,,
2010-01-01,1966.451,South Africa,,,,
2011-01-01,1961.64,South Africa,,,,
2012-01-01,1985.578,South Africa,,,,
2013-01-01,2047.909,South Africa,,,,
2014-01-01,2129.862,South Africa,,,,
2015-01-01,2219.019,South Africa,,,,
2016-01-01,2301.639,South Africa,,,,
2017-01-01,2394.043,South Africa,,,,
2018-01-01,2483.769,South Africa,,,,
2019-01-01,2570.255,South Africa,,,,
2020-01-01,,South Africa,2649.2806822587395,14.068949831146929,2621.7060472893904,2676.8553172280886
2021-01-01,,South Africa,2719.542492238247,36.17806395247925,2648.634789861001,2790.4501946154933
2022-01-01,,South Africa,2782.4370961888612,68.26595169307049,2648.638289500092,2916.2359028776305
2023-01-01,,South Africa,2839.8520923796345,105.85833128999076,2632.3735755877433,3047.330609171526
2024-01-01,,South Africa,2894.46672216829,145.16238655210284,2609.953672616287,3178.979771720293
2025-01-01,,South Africa,2947.9119004574754,183.32403760289273,2588.603389255339,3307.2204116596117
2000-01-01,2991.98,Myanmar,,,,
2001-01-01,2997.833,Myanmar,,,,
2002-01-01,2982.372,Myanmar,,,,
2003-01-01,2949.679,Myanmar,,,,
2004-01-01,2903.535,Myanmar,,,,
2005-01-01,2849.397,Myanmar,,,,
2006-01-01,2798.185,Myanmar,,,,
2007-01-01,2720.39,Myanmar,,,,
2008-01-01,2629.79,Myanmar,,,,
2009-01-01,2543.872,Myanmar,,,,
2010-01-01,2473.183,Myanmar,,,,
2011-01-01,2388.857,Myanmar,,,,
2012-01-01,2332.765,Myanmar,,,,
2013-01-01,2299.417,Myanmar,,,,
2014-01-01,2280.412,Myanmar,,,,
2015-01-01,2264.436,Myanmar,,,,
2016-01-01,2254.953,Myanmar,,,,
2017-01-01,2247.607,Myanmar,,,,
2018-01-01,2241.892,Myanmar,,,,
2019-01-01,2237.517,Myanmar,,,,
2020-01-01,,Myanmar,2236.6726011376477,11.34471412320272,2214.4373700412675,2258.907832234028
2021-01-01,,Myanmar,2237.8991354002324,26.445935152620887,2186.0660549636136,2289.732215836851
2022-01-01,,Myanmar,2240.6475583832753,45.07674650644236,2152.2987586904064,2328.996358076144
2023-01-01,,Myanmar,2244.7510895623436,67.21892172313933,2113.0044239053736,2376.4977552193136
2024-01-01,,Myanmar,2250.3609541309434,93.92544777459854,2066.2704592609325,2434.451449000954
2025-01-01,,Myanmar,2256.7333698992566,123.6472210643184,2014.38926982473,2499.077469973783
2000-01-01,3140.397,Kenya,,,,
2001-01-01,3146.338,Kenya,,,,
2002-01-01,3106.926,Kenya,,,,
2003-01-01,3039.283,Kenya,,,,
2004-01-01,2971.303,Kenya,,,,
2005-01-01,2914.648,Kenya,,,,
2006-01-01,2856.886,Kenya,,,,
2007-01-01,2814.585,Kenya,,,,
2008-01-01,2773.003,Kenya,,,,
2009-01-01,2744.371,Kenya,,,,
2010-01-01,2734.036,Kenya,,,,
2011-01-01,2743.921,Kenya,,,,
2012-01-01,2758.772,Kenya,,,,
2013-01-01,2767.891,Kenya,,,,
2014-01-01,2790.025,Kenya,,,,
2015-01-01,2821.003,Kenya,,,,
2016-01-01,2847.425,Kenya,,,,
2017-01-01,2892.643,Kenya,,,,
2018-01-01,2935.709,Kenya,,,,
2019-01-01,2997.64,Kenya,,,,
2020-01-01,,Kenya,3055.6448093783333,13.405565094293483,3029.370384601111,3081.919234155556
2021-01-01,,Kenya,3109.3816175260035,33.520124363758896,3043.6833810157327,3175.0798540362744
2022-01-01,,Kenya,3149.524549295183,60.65941677488279,3030.634277093208,3268.4148214971583
2023-01-01,,Kenya,3177.4397040152853,91.85699560063291,2997.403300909991,3357.47610712058
2024-01-01,,Kenya,3189.778819906143,125.91236842576187,2942.9951125835114,3436.5625272287743
2025-01-01,,Kenya,3188.218002603892,160.5724416173367,2873.5018001242515,3502.934205083532
2000-01-01,465.173,Republic of Korea,,,,
2001-01-01,430.32,Republic of Korea,,,,
2002-01-01,404.801,Republic of Korea,,,,
2003-01-01,388.833,Republic of Korea,,,,
2004-01-01,375.321,Republic of Korea,,,,
2005-01-01,359.106,Republic of Korea,,,,
2006-01-01,341.681,Republic of Korea,,,,
2007-01-01,331.459,Republic of Korea,,,,
2008-01-01,322.931,Republic of Korea,,,,
2009-01-01,317.899,Republic of Korea,,,,
2010-01-01,315.602,Republic of Korea,,,,
2011-01-01,320.518,Republic of Korea,,,,
2012-01-01,322.116,Republic of Korea,,,,
2013-01-01,321.674,Republic of Korea,,,,
2014-01-01,319.806,Republic of Korea,,,,
2015-01-01,317.251,Republic of Korea,,,,
2016-01-01,316.522,Republic of Korea,,,,
2017-01-01,310.812,Republic of Korea,,,,
2018-01-01,302.413,Republic of Korea,,,,
2019-01-01,295.603,Republic of Korea,,,,
2020-01-01,,Republic of Korea,291.4891504353348,3.838839844363069,283.96516259796584,299.01313827270377
2021-01-01,,Republic of Korea,287.04317869603983,10.064329829892905,267.3174547009176,306.76890269116205
2022-01-01,,Republic of Korea,280.98781518166464,17.911397516786007,245.8821211359839,316.09350922734535
2023-01-01,,Republic of Korea,274.63892567872585,26.409524755393353,222.8772083093359,326.4006430481158
2024-01-01,,Republic of Korea,269.62540019053915,36.11028171589001,198.8505485557995,340.4002518252788
2025-01-01,,Republic of Korea,265.52240697428215,47.39299311264828,172.6338473539367,358.4109665946276
2000-01-01,1317.16,Colombia,,,,
2001-01-01,1289.059,Colombia,,,,
2002-01-01,1271.242,Colombia,,,,
2003-01-01,1258.238,Colombia,,,,
2004-01-01,1242.459,Colombia,,,,
2005-01-01,1217.133,Colombia,,,,
2006-01-01,1191.075,Colombia,,,,
2007-01-01,1150.559,Colombia,,,,
2008-01-01,1100.907,Colombia,,,,
2009-01-01,1051.175,Colombia,,,,
2010-01-01,1006.444,Colombia,,,,
2011-01-01,957.798,Colombia,,,,
2012-01-01,920.355,Colombia,,,,
2013-01-01,892.167,Colombia,,,,
2014-01-01,872.507,Colombia,,,,
2015-01-01,854.738,Colombia,,,,
2016-01-01,844.445,Colombia,,,,
2017-01-01,836.35,Colombia,,,,
2018-01-01,830.401,Colombia,,,,
2019-01-01,826.7,Colombia,,,,
2020-01-01,,Colombia,824.1274960947203,6.155777481046459,812.0623939350265,836.1925982544141
2021-01-01,,Colombia,822.3716943447184,15.652637372325199,791.6930888318954,853.0502998575415
2022-01-01,,Colombia,821.1121127059229,28.60318159178618,765.0509069427629,877.1733184690828
2023-01-01,,Colombia,820.1543065124758,44.31343315303688,733.3015735012003,907.0070395237514
2024-01-01,,Colombia,819.3959731019588,62.0476115727073,697.7848890927219,941.0070571111958
2025-01-01,,Colombia,818.7694631310735,81.2339822236381,659.5537836519759,977.9851426101711
2000-01-01,226.504,Spain,,,,
2001-01-01,224.631,Spain,,,,
2002-01-01,228.752,Spain,,,,
2003-01-01,236.956,Spain,,,,
2004-01-01,247.088,Spain,,,,
2005-01-01,258.575,Spain,,,,
2006-01-01,273.964,Spain,,,,
2007-01-01,289.026,Spain,,,,
2008-01-01,301.309,Spain,,,,
2009-01-01,309.703,Spain,,,,
2010-01-01,313.859,Spain,,,,
2011-01-01,324.85,Spain,,,,
2012-01-01,323.584,Spain,,,,
2013-01-01,314.952,Spain,,,,
2014-01-01,305.345,Spain,,,,
2015-01-01,299.252,Spain,,,,
2016-01-01,287.089,Spain,,,,
2017-01-01,283.81,Spain,,,,
2018-01-01,287.469,Spain,,,,
2019-01-01,293.718,Spain,,,,
2020-01-01,,Spain,299.5070962604909,4.125149399206333,291.4219520071995,307.5922405137824
2021-01-01,,Spain,309.99333745045755,8.346759532288829,293.63398937955503,326.35268552136006
2022-01-01,,Spain,320.9776314702185,12.831889965163457,295.8275892849172,346.1276736555198
2023-01-01,,Spain,329.3967611900466,17.74649182172028,294.61427636754024,364.179246012553
2024-01-01,,Spain,335.1848882231922,23.348829593055594,289.42202313964026,380.9477533067442
2025-01-01,,Spain,339.79726884150466,28.413936855792315,284.1069759451565,395.48756173785284
2000-01-01,3451.541,Uganda,,,,
2001-01-01,3510.965,Uganda,,,,
2002-01-01,3565.287,Uganda,,,,
2003-01-01,3614.159,Uganda,,,,
2004-01-01,3660.098,Uganda,,,,
2005-01-01,3697.05,Uganda,,,,
2006-01-01,3729.377,Uganda,,,,
2007-01-01,3743.123,Uganda,,,,
2008-01-01,3742.451,Uganda,,,,
2009-01-01,3737.04,Uganda,,,,
2010-01-01,3729.025,Uganda,,,,
2011-01-01,3730.873,Uganda,,,,
2012-01-01,3723.442,Uganda,,,,
2013-01-01,3727.354,Uganda,,,,
2014-01-01,3746.964,Uganda,,,,
2015-01-01,3788.774,Uganda,,,,
2016-01-01,3831.226,Uganda,,,,
2017-01-01,3883.22,Uganda,,,,
2018-01-01,3933.327,Uganda,,,,
2019-01-01,3974.142,Uganda,,,,
2020-01-01,,Uganda,4006.042416712021,8.612173325285516,3989.1628671658445,4022.9219662581972
2021-01-01,,Uganda,4029.3101798454572,21.863694365346223,3986.4581263203872,4072.1622333705272
2022-01-01,,Uganda,4044.8655492168496,40.957437912094605,3964.5904460101087,4125.14065242359
2023-01-01,,Uganda,4053.2787911051896,64.07581043841338,3927.6925103656836,4178.865071844695
2024-01-01,,Uganda,4055.697598517638,90.59093715740526,3878.1426243633923,4233.252572671884
2025-01-01,,Uganda,4053.226753951556,119.2318888924662,3819.536545913641,4286.916961989471
2000-01-01,762.585,Argentina,,,,
2001-01-01,735.341,Argentina,,,,
2002-01-01,720.94,Argentina,,,,
2003-01-01,715.828,Argentina,,,,
2004-01-01,713.069,Argentina,,,,
2005-01-01,708.563,Argentina,,,,
2006-01-01,704.313,Argentina,,,,
2007-01-01,699.133,Argentina,,,,
2008-01-01,692.166,Argentina,,,,
2009-01-01,685.443,Argentina,,,,
2010-01-01,679.609,Argentina,,,,
2011-01-01,674.679,Argentina,,,,
2012-01-01,672.09,Argentina,,,,
2013-01-01,674.431,Argentina,,,,
2014-01-01,677.399,Argentina,,,,
2015-01-01,679.395,Argentina,,,,
2016-01-01,685.459,Argentina,,,,
2017-01-01,692.161,Argentina,,,,
2018-01-01,698.509,Argentina,,,,
2019-01-01,710.601,Argentina,,,,
2020-01-01,,Argentina,727.405109891667,2.5547161127151976,722.3979583200211,732.412261463313
2021-01-01,,Argentina,744.7804223805006,8.414256204522163,728.2887832629444,761.2720614980567
2022-01-01,,Argentina,764.2828283481977,17.202866597393104,730.5658293864601,797.9998273099352
2023-01-01,,Argentina,785.9105629389635,29.337764598224204,728.4096009395298,843.4115249383972
2024-01-01,,Argentina,805.7853385651553,45.07714145682405,717.4357647837627,894.1349123465478
2025-01-01,,Argentina,823.2850997216487,63.51344797971412,698.8010291474508,947.7691702958467
2000-01-01,1230.214,Algeria,,,,
2001-01-01,1158.681,Algeria,,,,
2002-01-01,1115.72,Algeria,,,,
2003-01-01,1096.571,Algeria,,,,
2004-01-01,1095.221,Algeria,,,,
2005-01-01,1106.762,Algeria,,,,
2006-01-01,1135.206,Algeria,,,,
2007-01-01,1179.58,Algeria,,,,
2008-01-01,1232.256,Algeria,,,,
2009-01-01,1286.373,Algeria,,,,
2010-01-01,1338.277,Algeria,,,,
2011-01-01,1413.764,Algeria,,,,
2012-01-01,1464.674,Algeria,,,,
2013-01-01,1501.558,Algeria,,,,
2014-01-01,1535.492,Algeria,,,,
2015-01-01,1577.423,Algeria,,,,
2016-01-01,1610.361,Algeria,,,,
2017-01-01,1649.168,Algeria,,,,
2018-01-01,1689.919,Algeria,,,,
2019-01-01,1722.771,Algeria,,,,
2020-01-01,,Algeria,1748.8434516869618,11.10358496641505,1727.0808250535079,1770.6060783204157
2021-01-01,,Algeria,1772.036221219816,25.674585084948333,1721.7149591353082,1822.357483304324
2022-01-01,,Algeria,1789.7730078499033,44.04428159210667,1703.4478022044336,1876.0982134953729
2023-01-01,,Algeria,1799.4473928256027,66.62586865121142,1668.863089830532,1930.0316958206733
2024-01-01,,Algeria,1802.4051911391728,94.7001182016118,1616.7963701323276,1988.0140121460179
2025-01-01,,Algeria,1800.047680610292,126.5971733416993,1551.9217803159872,2048.1735809045967
2000-01-01,2873.259,Sudan,,,,
2001-01-01,2859.152,Sudan,,,,
2002-01-01,2856.946,Sudan,,,,
2003-01-01,2866.546,Sudan,,,,
2004-01-01,2879.913,Sudan,,,,
2005-01-01,2893.131,Sudan,,,,
2006-01-01,2913.302,Sudan,,,,
2007-01-01,2922.208,Sudan,,,,
2008-01-01,2924.983,Sudan,,,,
2009-01-01,2929.305,Sudan,,,,
2010-01-01,2940.476,Sudan,,,,
2011-01-01,2952.153,Sudan,,,,
2012-01-01,2969.369,Sudan,,,,
2013-01-01,2986.806,Sudan,,,,
2014-01-01,3007.86,Sudan,,,,
2015-01-01,3036.078,Sudan,,,,
2016-01-01,3068.805,Sudan,,,,
2017-01-01,3101.638,Sudan,,,,
2018-01-01,3136.356,Sudan,,,,
2019-01-01,3174.001,Sudan,,,,
2020-01-01,,Sudan,3211.006007404701,5.523636569922737,3200.1798786639642,3221.8321361454377
2021-01-01,,Sudan,3246.0654283894787,14.312728940838472,3218.012995144951,3274.117861634006
2022-01-01,,Sudan,3278.788513977097,25.809948376646567,3228.2019447160314,3329.3750832381625
2023-01-01,,Sudan,3308.699094941335,39.75429008705967,3230.7821181397403,3386.6160717429293
2024-01-01,,Sudan,3335.600542780231,55.67473975699315,3226.480058007884,3444.721027552578
2025-01-01,,Sudan,3359.5203797031745,73.06841817327619,3216.308911676241,3502.731847730108
2000-01-01,600.998,Ukraine,,,,
2001-01-01,570.537,Ukraine,,,,
2002-01-01,545.713,Ukraine,,,,
2003-01-01,525.697,Ukraine,,,,
2004-01-01,512.918,Ukraine,,,,
2005-01-01,507.6,Ukraine,,,,
2006-01-01,509.81,Ukraine,,,,
2007-01-01,522.422,Ukraine,,,,
2008-01-01,540.887,Ukraine,,,,
2009-01-01,555.0,Ukraine,,,,
2010-01-01,564.74,Ukraine,,,,
2011-01-01,586.745,Ukraine,,,,
2012-01-01,596.779,Ukraine,,,,
2013-01-01,595.265,Ukraine,,,,
2014-01-01,591.662,Ukraine,,,,
2015-01-01,589.054,Ukraine,,,,
2016-01-01,577.839,Ukraine,,,,
2017-01-01,570.146,Ukraine,,,,
2018-01-01,564.264,Ukraine,,,,
2019-01-01,559.121,Ukraine,,,,
2020-01-01,,Ukraine,554.5477983301521,4.664675948041963,545.4052014724396,563.6903951878646
2021-01-01,,Ukraine,555.2042443123622,9.500591666466336,536.5834268142669,573.8250618104576
2022-01-01,,Ukraine,558.3185668733606,14.483913316862655,529.9306184171097,586.7065153296115
2023-01-01,,Ukraine,562.4225527919186,20.26734984969357,522.6992770244459,602.1458285593914
2024-01-01,,Ukraine,568.2978265899037,26.83475228723873,515.7026785728619,620.8929746069455
2025-01-01,,Ukraine,575.8839966308723,32.59729813813694,511.9944662868093,639.7735269749353
2000-01-01,1414.568,Iraq,,,,
2001-01-01,1419.397,Iraq,,,,
2002-01-01,1422.89,Iraq,,,,
2003-01-01,1426.262,Iraq,,,,
2004-01-01,1424.572,Iraq,,,,
2005-01-01,1416.288,Iraq,,,,
2006-01-01,1401.886,Iraq,,,,
2007-01-01,1379.713,Iraq,,,,
2008-01-01,1355.618,Iraq,,,,
2009-01-01,1341.5,Iraq,,,,
2010-01-01,1341.18,Iraq,,,,
2011-01-01,1341.652,Iraq,,,,
2012-01-01,1361.557,Iraq,,,,
2013-01-01,1401.181,Iraq,,,,
2014-01-01,1437.671,Iraq,,,,
2015-01-01,1473.578,Iraq,,,,
2016-01-01,1524.083,Iraq,,,,
2017-01-01,1554.102,Iraq,,,,
2018-01-01,1563.203,Iraq,,,,
2019-01-01,1579.703,Iraq,,,,
2020-01-01,,Iraq,1579.4592781170388,5.838999219951788,1568.015049940176,1590.9035062939017
2021-01-01,,Iraq,1553.5295788586548,14.196613798517072,1525.704727111137,1581.3544306061726
2022-01-01,,Iraq,1533.994722917834,22.53005878661765,1489.8366191264931,1578.1528267091749
2023-01-01,,Iraq,1512.964275302453,33.05853189536249,1448.170743405774,1577.757807199132
2024-01-01,,Iraq,1475.9922095863167,45.23108801086474,1387.3409061034604,1564.643513069173
2025-01-01,,Iraq,1450.6631681883787,55.866023932609046,1341.1677733210122,1560.1585630557452
2000-01-01,2145.418,Afghanistan,,,,
2001-01-01,2155.114,Afghanistan,,,,
2002-01-01,2167.643,Afghanistan,,,,
2003-01-01,2188.923,Afghanistan,,,,
2004-01-01,2212.253,Afghanistan,,,,
2005-01-01,2226.901,Afghanistan,,,,
2006-01-01,2256.808,Afghanistan,,,,
2007-01-01,2275.251,Afghanistan,,,,
2008-01-01,2288.277,Afghanistan,,,,
2009-01-01,2302.92,Afghanistan,,,,
2010-01-01,2323.454,Afghanistan,,,,
2011-01-01,2336.58,Afghanistan,,,,
2012-01-01,2351.405,Afghanistan,,,,
2013-01-01,2366.308,Afghanistan,,,,
2014-01-01,2385.366,Afghanistan,,,,
2015-01-01,2405.389,Afghanistan,,,,
2016-01-01,2429.881,Afghanistan,,,,
2017-01-01,2459.233,Afghanistan,,,,
2018-01-01,2494.391,Afghanistan,,,,
2019-01-01,2533.686,Afghanistan,,,,
2020-01-01,,Afghanistan,2574.537300272172,5.413492575510334,2563.927049793597,2585.1475507507475
2021-01-01,,Afghanistan,2618.2819213711723,10.361125434453776,2597.974488680341,2638.5893540620036
2022-01-01,,Afghanistan,2664.092442821556,16.607251044890276,2631.542828891356,2696.6420567517557
2023-01-01,,Afghanistan,2710.473647726822,25.100392700932296,2661.2777820351826,2759.6695134184615
2024-01-01,,Afghanistan,2757.2610573738107,35.848422057861136,2686.9994412378114,2827.52267350981
2025-01-01,,Afghanistan,2804.738359269367,47.5872760425032,2711.4690121036947,2898.007706435039
2000-01-01,191.746,Canada,,,,
2001-01-01,181.737,Canada,,,,
2002-01-01,176.6,Canada,,,,
2003-01-01,175.075,Canada,,,,
2004-01-01,175.128,Canada,,,,
2005-01-01,176.312,Canada,,,,
2006-01-01,179.181,Canada,,,,
2007-01-01,183.169,Canada,,,,
2008-01-01,187.744,Canada,,,,
2009-01-01,192.23,Canada,,,,
2010-01-01,196.626,Canada,,,,
2011-01-01,203.348,Canada,,,,
2012-01-01,208.202,Canada,,,,
2013-01-01,212.575,Canada,,,,
2014-01-01,217.389,Canada,,,,
2015-01-01,223.513,Canada,,,,
2016-01-01,227.632,Canada,,,,
2017-01-01,236.046,Canada,,,,
2018-01-01,248.014,Canada,,,,
2019-01-01,262.005,Canada,,,,
2020-01-01,,Canada,276.6454576453018,1.870626504126217,272.97909706868836,280.31181822191525
2021-01-01,,Canada,292.751364109811,4.666641960238422,283.6049139390003,301.8978142806217
2022-01-01,,Canada,309.97619373768146,8.376431492393575,293.55868969362297,326.39369778173995
2023-01-01,,Canada,327.66643104138325,13.01594009150182,302.1556572371087,353.1772048456578
2024-01-01,,Canada,345.34182377004885,18.775583806845056,308.5423557199191,382.1412918201786
2025-01-01,,Canada,362.92933831227504,25.56877920471454,312.8154519423779,413.0432246821722
2000-01-01,1106.134,Morocco,,,,
2001-01-01,1064.985,Morocco,,,,
2002-01-01,1045.668,Morocco,,,,
2003-01-01,1043.942,Morocco,,,,
2004-01-01,1047.119,Morocco,,,,
2005-01-01,1046.875,Morocco,,,,
2006-01-01,1053.614,Morocco,,,,
2007-01-01,1046.672,Morocco,,,,
2008-01-01,1030.287,Morocco,,,,
2009-01-01,1016.655,Morocco,,,,
2010-01-01,1010.712,Morocco,,,,
2011-01-01,1007.44,Morocco,,,,
2012-01-01,1013.467,Morocco,,,,
2013-01-01,1025.308,Morocco,,,,
2014-01-01,1035.775,Morocco,,,,
2015-01-01,1041.085,Morocco,,,,
2016-01-01,1053.101,Morocco,,,,
2017-01-01,1050.359,Morocco,,,,
2018-01-01,1037.383,Morocco,,,,
2019-01-01,1025.409,Morocco,,,,
2020-01-01,,Morocco,1014.2031854405548,8.25203723448881,998.0294896618732,1030.3768812192363
2021-01-01,,Morocco,1007.117328180116,20.249554511809055,967.4289306339897,1046.8057257262424
2022-01-01,,Morocco,1006.5282876231594,33.144476325289,941.5663077391524,1071.4902675071662
2023-01-01,,Morocco,1009.9679671015805,45.78327509424538,920.2343968225699,1099.7015373805912
2024-01-01,,Morocco,1015.3076721300037,56.43073038525306,904.7054729536176,1125.9098713063897
2025-01-01,,Morocco,1020.7188743216909,64.28635354808146,894.7199366700426,1146.7178119733394
2000-01-01,791.897,Saudi Arabia,,,,
2001-01-01,753.681,Saudi Arabia,,,,
2002-01-01,732.338,Saudi Arabia,,,,
2003-01-01,723.936,Saudi Arabia,,,,
2004-01-01,720.035,Saudi Arabia,,,,
2005-01-01,715.793,Saudi Arabia,,,,
2006-01-01,710.314,Saudi Arabia,,,,
2007-01-01,699.365,Saudi Arabia,,,,
2008-01-01,685.055,Saudi Arabia,,,,
2009-01-01,673.5,Saudi Arabia,,,,
2010-01-01,659.21,Saudi Arabia,,,,
2011-01-01,648.076,Saudi Arabia,,,,
2012-01-01,636.506,Saudi Arabia,,,,
2013-01-01,627.643,Saudi Arabia,,,,
2014-01-01,623.997,Saudi Arabia,,,,
2015-01-01,622.78,Saudi Arabia,,,,
2016-01-01,629.33,Saudi Arabia,,,,
2017-01-01,638.13,Saudi Arabia,,,,
2018-01-01,643.689,Saudi Arabia,,,,
2019-01-01,652.092,Saudi Arabia,,,,
2020-01-01,,Saudi Arabia,657.0586192339847,3.9278711773799957,649.3601331904069,664.7571052775625
2021-01-01,,Saudi Arabia,659.1061050074387,10.829089444743156,637.8814797103793,680.3307303044982
2022-01-01,,Saudi Arabia,660.5018571945683,21.524908217462787,618.313812317811,702.6899020713256
2023-01-01,,Saudi Arabia,658.6499226775348,36.48260697328237,587.1453269477715,730.1545184072982
2024-01-01,,Saudi Arabia,656.2605179660613,54.34183734154754,549.7524739228943,762.7685620092284
2025-01-01,,Saudi Arabia,654.1706062072508,74.25046608235961,508.6423668505131,799.6988455639885
2000-01-01,1402.815,Uzbekistan,,,,
2001-01-01,1297.479,Uzbekistan,,,,
2002-01-01,1214.439,Uzbekistan,,,,
2003-01-01,1147.383,Uzbekistan,,,,
2004-01-01,1096.419,Uzbekistan,,,,
2005-01-01,1057.231,Uzbekistan,,,,
2006-01-01,1027.027,Uzbekistan,,,,
2007-01-01,1008.157,Uzbekistan,,,,
2008-01-01,992.895,Uzbekistan,,,,
2009-01-01,977.218,Uzbekistan,,,,
2010-01-01,956.377,Uzbekistan,,,,
2011-01-01,948.95,Uzbekistan,,,,
2012-01-01,922.444,Uzbekistan,,,,
2013-01-01,884.662,Uzbekistan,,,,
2014-01-01,846.32,Uzbekistan,,,,
2015-01-01,816.607,Uzbekistan,,,,
2016-01-01,786.57,Uzbekistan,,,,
2017-01-01,767.504,Uzbekistan,,,,
2018-01-01,757.048,Uzbekistan,,,,
2019-01-01,751.832,Uzbekistan,,,,
2020-01-01,,Uzbekistan,751.5335275768224,9.195854579828277,733.5099837932912,769.5570713603536
2021-01-01,,Uzbekistan,756.1273839345048,23.334468984117105,710.3926651272683,801.8621027417413
2022-01-01,,Uzbekistan,764.8236701841881,43.25875109612149,680.0380760196074,849.6092643487689
2023-01-01,,Uzbekistan,776.8575771869924,68.90024860025872,641.815571404629,911.8995829693558
2024-01-01,,Uzbekistan,791.6755926318802,100.41898983703753,594.857989187393,988.4931960763676
2025-01-01,,Uzbekistan,808.7681934267454,137.4650301859535,539.3416851285651,1078.1947017249256
2000-01-01,1323.408,Peru,,,,
2001-01-01,1314.727,Peru,,,,
2002-01-01,1310.344,Peru,,,,
2003-01-01,1308.001,Peru,,,,
2004-01-01,1304.833,Peru,,,,
2005-01-01,1298.435,Peru,,,,
2006-01-01,1291.024,Peru,,,,
2007-01-01,1278.334,Peru,,,,
2008-01-01,1258.651,Peru,,,,
2009-01-01,1229.299,Peru,,,,
2010-01-01,1189.483,Peru,,,,
2011-01-01,1152.714,Peru,,,,
2012-01-01,1097.964,Peru,,,,
2013-01-01,1035.494,Peru,,,,
2014-01-01,981.303,Peru,,,,
2015-01-01,940.116,Peru,,,,
2016-01-01,880.029,Peru,,,,
2017-01-01,851.298,Peru,,,,
2018-01-01,840.28,Peru,,,,
2019-01-01,831.337,Peru,,,,
2020-01-01,,Peru,831.8934851643621,8.62092659246261,814.9967795297717,848.7901907989525
2021-01-01,,Peru,858.2593670900703,16.703172949339805,825.5217496818207,890.99698449832
2022-01-01,,Peru,887.7595992150675,26.190473245640266,836.4272149155528,939.0919835145822
2023-01-01,,Peru,919.8684019824932,39.180654166102414,843.0757309262133,996.6610730387731
2024-01-01,,Peru,964.6412702534745,55.39938290274252,856.0604749983552,1073.222065508594
2025-01-01,,Peru,1015.110467767985,71.89046798806723,874.2077396796435,1156.0131958563265
2000-01-01,541.431,Malaysia,,,,
2001-01-01,532.513,Malaysia,,,,
2002-01-01,521.803,Malaysia,,,,
2003-01-01,508.996,Malaysia,,,,
2004-01-01,499.55,Malaysia,,,,
2005-01-01,495.399,Malaysia,,,,
2006-01-01,487.424,Malaysia,,,,
2007-01-01,483.619,Malaysia,,,,
2008-01-01,484.697,Malaysia,,,,
2009-01-01,487.571,Malaysia,,,,
2010-01-01,490.265,Malaysia,,,,
2011-01-01,490.13,Malaysia,,,,
2012-01-01,495.469,Malaysia,,,,
2013-01-01,509.288,Malaysia,,,,
2014-01-01,527.423,Malaysia,,,,
2015-01-01,547.009,Malaysia,,,,
2016-01-01,573.576,Malaysia,,,,
2017-01-01,598.09,Malaysia,,,,
2018-01-01,621.081,Malaysia,,,,
2019-01-01,644.265,Malaysia,,,,
2020-01-01,,Malaysia,665.9927693826673,3.5224596707335762,659.0888752910347,672.8966634743
2021-01-01,,Malaysia,684.4014384074395,8.520978785833554,667.7006268741759,701.1022499407031
2022-01-01,,Malaysia,699.9734177004456,14.400755390336911,671.7484557852142,728.1983796156769
2023-01-01,,Malaysia,713.0076993507263,21.56006532381059,670.7507478117266,755.264650889726
2024-01-01,,Malaysia,722.9327210411489,30.16667804656979,663.807118536657,782.0583235456407
2025-01-01,,Malaysia,729.6794016840671,39.71623310178764,651.8370152029659,807.5217881651683
2000-01-01,2424.931,Mozambique,,,,
2001-01-01,2464.125,Mozambique,,,,
2002-01-01,2500.547,Mozambique,,,,
2003-01-01,2536.477,Mozambique,,,,
2004-01-01,2570.439,Mozambique,,,,
2005-01-01,2601.067,Mozambique,,,,
2006-01-01,2643.191,Mozambique,,,,
2007-01-01,2660.149,Mozambique,,,,
2008-01-01,2668.857,Mozambique,,,,
2009-01-01,2680.961,Mozambique,,,,
2010-01-01,2718.965,Mozambique,,,,
2011-01-01,2753.485,Mozambique,,,,
2012-01-01,2803.827,Mozambique,,,,
2013-01-01,2868.972,Mozambique,,,,
2014-01-01,2951.67,Mozambique,,,,
2015-01-01,3037.83,Mozambique,,,,
2016-01-01,3134.64,Mozambique,,,,
2017-01-01,3240.994,Mozambique,,,,
2018-01-01,3345.127,Mozambique,,,,
2019-01-01,3443.411,Mozambique,,,,
2020-01-01,,Mozambique,3540.947519534459,10.668737706018346,3520.0371778701583,3561.8578611987596
2021-01-01,,Mozambique,3637.9486892177483,25.12450820685918,3588.7055580030233,3687.1918204324734
2022-01-01,,Mozambique,3731.137634229731,43.78422533111944,3645.3221294897503,3816.9531389697113
2023-01-01,,Mozambique,3818.854467514503,65.54529129877054,3690.3880572127264,3947.32087781628
2024-01-01,,Mozambique,3902.337083424337,92.25989007524969,3721.511021659223,4083.163145189451
2025-01-01,,Mozambique,3981.840117007185,123.13595054285435,3740.498088741085,4223.182145273285
2000-01-01,2341.855,Ghana,,,,
2001-01-01,2380.427,Ghana,,,,
2002-01-01,2405.165,Ghana,,,,
2003-01-01,2421.606,Ghana,,,,
2004-01-01,2435.875,Ghana,,,,
2005-01-01,2454.462,Ghana,,,,
2006-01-01,2469.735,Ghana,,,,
2007-01-01,2486.325,Ghana,,,,
2008-01-01,2504.779,Ghana,,,,
2009-01-01,2520.804,Ghana,,,,
2010-01-01,2530.65,Ghana,,,,
2011-01-01,2547.309,Ghana,,,,
2012-01-01,2564.968,Ghana,,,,
2013-01-01,2580.637,Ghana,,,,
2014-01-01,2587.039,Ghana,,,,
2015-01-01,2584.852,Ghana,,,,
2016-01-01,2576.852,Ghana,,,,
2017-01-01,2546.293,Ghana,,,,
2018-01-01,2503.887,Ghana,,,,
2019-01-01,2459.508,Ghana,,,,
2020-01-01,,Ghana,2413.0245907175117,6.623841040363976,2400.04210083908,2426.0070805959435
2021-01-01,,Ghana,2365.904247904366,17.961521819083835,2330.700312031431,2401.108183777301
2022-01-01,,Ghana,2320.8847459069584,33.153660722481,2255.9047649352356,2385.8647268786813
2023-01-01,,Ghana,2279.382188216855,52.00025589825879,2177.4635594694014,2381.3008169643085
2024-01-01,,Ghana,2242.150166786905,74.0595568118869,2096.996102724609,2387.3042308492013
2025-01-01,,Ghana,2209.8124629252134,98.6059453849127,2016.5483613092608,2403.0765645411657
2000-01-01,2217.89,Nepal,,,,
2001-01-01,2154.349,Nepal,,,,
2002-01-01,2066.159,Nepal,,,,
2003-01-01,1964.157,Nepal,,,,
2004-01-01,1861.969,Nepal,,,,
2005-01-01,1770.161,Nepal,,,,
2006-01-01,1675.785,Nepal,,,,
2007-01-01,1602.622,Nepal,,,,
2008-01-01,1544.065,Nepal,,,,
2009-01-01,1490.943,Nepal,,,,
2010-01-01,1434.651,Nepal,,,,
2011-01-01,1393.174,Nepal,,,,
2012-01-01,1349.588,Nepal,,,,
2013-01-01,1306.773,Nepal,,,,
2014-01-01,1272.662,Nepal,,,,
2015-01-01,1253.269,Nepal,,,,
2016-01-01,1234.787,Nepal,,,,
2017-01-01,1219.412,Nepal,,,,
2018-01-01,1209.536,Nepal,,,,
2019-01-01,1206.517,Nepal,,,,
2020-01-01,,Nepal,1207.4159305329883,9.256120892046615,1189.2742669480283,1225.5575941179484
2021-01-01,,Nepal,1211.8454023272018,23.206997873897635,1166.3605223050647,1257.3302823493389
2022-01-01,,Nepal,1219.8552564124425,41.515113667023144,1138.4871288109905,1301.2233840138945
2023-01-01,,Nepal,1231.0793551915924,63.93902005325843,1105.7611786804216,1356.3975317027632
2024-01-01,,Nepal,1244.4472541539494,91.06083508079946,1065.971296993441,1422.9232113144578
2025-01-01,,Nepal,1259.2998417794008,122.24309424036295,1019.7077797095537,1498.891903849248
2000-01-01,811.727,Venezuela (Bolivarian Republic of),,,,
2001-01-01,809.194,Venezuela (Bolivarian Republic of),,,,
2002-01-01,810.705,Venezuela (Bolivarian Republic of),,,,
2003-01-01,814.647,Venezuela (Bolivarian Republic of),,,,
2004-01-01,813.714,Venezuela (Bolivarian Republic of),,,,
2005-01-01,805.322,Venezuela (Bolivarian Republic of),,,,
2006-01-01,795.69,Venezuela (Bolivarian Republic of),,,,
2007-01-01,780.544,Venezuela (Bolivarian Republic of),,,,
2008-01-01,766.071,Venezuela (Bolivarian Republic of),,,,
2009-01-01,756.198,Venezuela (Bolivarian Republic of),,,,
2010-01-01,747.423,Venezuela (Bolivarian Republic of),,,,
2011-01-01,741.645,Venezuela (Bolivarian Republic of),,,,
2012-01-01,750.908,Venezuela (Bolivarian Republic of),,,,
2013-01-01,763.247,Venezuela (Bolivarian Republic of),,,,
2014-01-01,772.54,Venezuela (Bolivarian Republic of),,,,
2015-01-01,767.765,Venezuela (Bolivarian Republic of),,,,
2016-01-01,762.185,Venezuela (Bolivarian Republic of),,,,
2017-01-01,737.902,Venezuela (Bolivarian Republic of),,,,
2018-01-01,705.015,Venezuela (Bolivarian Republic of),,,,
2019-01-01,674.264,Venezuela (Bolivarian Republic of),,,,
2020-01-01,,Venezuela (Bolivarian Republic of),651.2452399558646,6.268740360240145,638.9587346213613,663.5317452903679
2021-01-01,,Venezuela (Bolivarian Republic of),640.1076315133763,14.69690738039892,611.3022223636735,668.9130406630791
2022-01-01,,Venezuela (Bolivarian Republic of),640.9710910985489,24.88488193493633,592.1976187465423,689.7445634505555
2023-01-01,,Venezuela (Bolivarian Republic of),651.2033075270838,35.34522097303895,581.9279473943177,720.4786676598499
2024-01-01,,Venezuela (Bolivarian Republic of),666.5820235904297,44.745237566712476,578.8829694799846,754.2810777008748
2025-01-01,,Venezuela (Bolivarian Republic of),682.5131607539299,52.34251027330487,579.9237257578346,785.1025957500252
2000-01-01,1829.812,Madagascar,,,,
2001-01-01,1826.688,Madagascar,,,,
2002-01-01,1818.049,Madagascar,,,,
2003-01-01,1808.237,Madagascar,,,,
2004-01-01,1799.019,Madagascar,,,,
2005-01-01,1791.946,Madagascar,,,,
2006-01-01,1784.977,Madagascar,,,,
2007-01-01,1782.685,Madagascar,,,,
2008-01-01,1781.562,Madagascar,,,,
2009-01-01,1782.076,Madagascar,,,,
2010-01-01,1784.484,Madagascar,,,,
2011-01-01,1793.324,Madagascar,,,,
2012-01-01,1801.039,Madagascar,,,,
2013-01-01,1809.743,Madagascar,,,,
2014-01-01,1823.997,Madagascar,,,,
2015-01-01,1846.197,Madagascar,,,,
2016-01-01,1873.381,Madagascar,,,,
2017-01-01,1907.605,Madagascar,,,,
2018-01-01,1945.974,Madagascar,,,,
2019-01-01,1989.253,Madagascar,,,,
2020-01-01,,Madagascar,2035.5274862690997,2.795794926904136,2030.0478289042078,2041.0071436339915
2021-01-01,,Madagascar,2084.637662088681,7.186725617661044,2070.5519387112936,2098.723385466068
2022-01-01,,Madagascar,2135.2630296063444,13.321010570297588,2109.1543286508836,2161.371730561805
2023-01-01,,Madagascar,2186.999854666189,20.9800553915011,2145.8797017051916,2228.1200076271866
2024-01-01,,Madagascar,2238.8574301340395,30.541082802880656,2178.998007791538,2298.716852476541
2025-01-01,,Madagascar,2290.2980577337257,41.969945136149256,2208.0384768337512,2372.5576386337
2000-01-01,1871.224,Cameroon,,,,
2001-01-01,1900.976,Cameroon,,,,
2002-01-01,1933.721,Cameroon,,,,
2003-01-01,1968.056,Cameroon,,,,
2004-01-01,2003.795,Cameroon,,,,
2005-01-01,2041.524,Cameroon,,,,
2006-01-01,2087.706,Cameroon,,,,
2007-01-01,2123.875,Cameroon,,,,
2008-01-01,2154.171,Cameroon,,,,
2009-01-01,2184.955,Cameroon,,,,
2010-01-01,2216.759,Cameroon,,,,
2011-01-01,2255.268,Cameroon,,,,
2012-01-01,2291.195,Cameroon,,,,
2013-01-01,2322.539,Cameroon,,,,
2014-01-01,2350.174,Cameroon,,,,
2015-01-01,2372.931,Cameroon,,,,
2016-01-01,2391.073,Cameroon,,,,
2017-01-01,2398.598,Cameroon,,,,
2018-01-01,2400.467,Cameroon,,,,
2019-01-01,2403.606,Cameroon,,,,
2020-01-01,,Cameroon,2406.7599960215607,4.916299797317917,2397.124225481616,2416.3957665615053
2021-01-01,,Cameroon,2409.298226971399,12.337252108642895,2385.117657170268,2433.4787967725297
2022-01-01,,Cameroon,2411.5396363160817,21.610183179258197,2369.1844555854223,2453.894817046741
2023-01-01,,Cameroon,2413.6710278875066,32.419148244021855,2350.130664919759,2477.211390855254
2024-01-01,,Cameroon,2415.687628643348,44.545469472658176,2328.3801128025098,2502.9951444841863
2025-01-01,,Cameroon,2417.588202161223,57.752420616088806,2304.39553773368,2530.7808665887655
2000-01-01,2250.803,Cte d'Ivoire,,,,
2001-01-01,2296.582,Cte d'Ivoire,,,,
2002-01-01,2327.345,Cte d'Ivoire,,,,
2003-01-01,2348.382,Cte d'Ivoire,,,,
2004-01-01,2364.496,Cte d'Ivoire,,,,
2005-01-01,2381.106,Cte d'Ivoire,,,,
2006-01-01,2400.68,Cte d'Ivoire,,,,
2007-01-01,2414.491,Cte d'Ivoire,,,,
2008-01-01,2428.374,Cte d'Ivoire,,,,
2009-01-01,2447.505,Cte d'Ivoire,,,,
2010-01-01,2480.77,Cte d'Ivoire,,,,
2011-01-01,2518.674,Cte d'Ivoire,,,,
2012-01-01,2569.467,Cte d'Ivoire,,,,
2013-01-01,2628.916,Cte d'Ivoire,,,,
2014-01-01,2689.769,Cte d'Ivoire,,,,
2015-01-01,2749.689,Cte d'Ivoire,,,,
2016-01-01,2816.176,Cte d'Ivoire,,,,
2017-01-01,2864.878,Cte d'Ivoire,,,,
2018-01-01,2898.7,Cte d'Ivoire,,,,
2019-01-01,2925.178,Cte d'Ivoire,,,,
2020-01-01,,Cte d'Ivoire,2942.114861401212,7.417760727229359,2927.5763175299066,2956.653405272517
2021-01-01,,Cte d'Ivoire,2952.9216453454883,19.90673751184365,2913.9051567725824,2991.938133918394
2022-01-01,,Cte d'Ivoire,2960.239371350929,37.288001937509634,2887.1562304979507,3033.3225122039075
2023-01-01,,Cte d'Ivoire,2964.5310749152427,59.57911883466498,2847.758147768667,3081.304002061818
2024-01-01,,Cte d'Ivoire,2967.1491814431156,85.6193343673897,2799.3383697027393,3134.959993183492
2025-01-01,,Cte d'Ivoire,2968.852908547737,114.40870558489827,2744.61596608349,3193.089851011984
2000-01-01,151.526,Australia,,,,
2001-01-01,147.395,Australia,,,,
2002-01-01,145.175,Australia,,,,
2003-01-01,144.637,Australia,,,,
2004-01-01,145.225,Australia,,,,
2005-01-01,147.371,Australia,,,,
2006-01-01,150.21,Australia,,,,
2007-01-01,154.898,Australia,,,,
2008-01-01,159.893,Australia,,,,
2009-01-01,165.03,Australia,,,,
2010-01-01,169.034,Australia,,,,
2011-01-01,174.633,Australia,,,,
2012-01-01,177.121,Australia,,,,
2013-01-01,177.944,Australia,,,,
2014-01-01,180.422,Australia,,,,
2015-01-01,185.249,Australia,,,,
2016-01-01,190.458,Australia,,,,
2017-01-01,198.338,Australia,,,,
2018-01-01,208.589,Australia,,,,
2019-01-01,220.361,Australia,,,,
2020-01-01,,Australia,232.775532263489,1.4951508258777204,229.84509049331334,235.70597403366466
2021-01-01,,Australia,245.60000084487805,3.726939297789784,238.29533404864307,252.90466764111304
2022-01-01,,Australia,258.4688958466678,6.675007332873401,245.3861218776952,271.5516698156404
2023-01-01,,Australia,270.99947417075015,10.353301376725076,250.70737635128003,291.29157199022023
2024-01-01,,Australia,282.91242048511293,14.745745952137247,254.01128949374663,311.81355147647923
2025-01-01,,Australia,294.02009893707907,19.742585916461355,255.32534157912713,332.71485629503104
